{"title": "Compiled Contract Size Distribution", "description": "Calculates the distribution of the compiled contract size.", "statistics": {"count": 500.0, "mean": 404.083609375, "std": 938.7248228488857, "min": 3.734375, "25%": 93.42578125, "50%": 224.24609375, "75%": 434.2890625, "max": 18771.5}}